{
  "schemaVersion": 1,
  "id": "reeses-sodium-options",
  "version": "${version}",
  "name": "Reese's Sodium Options",
  "description": "Replaces Sodium's Options Screen",
  "authors": [
    "FlashyReese"
  ],
  "contact": {
    "homepage": "https://github.com/FlashyReese/reeses-sodium-options",
    "issues": "https://github.com/FlashyReese/reeses-sodium-options/issues",
    "sources": "https://github.com/FlashyReese/reeses-sodium-options.git"
  },
  "icon": "assets/reeses-sodium-options/icon.png",
  "license": "MIT",
  "environment": "client",
  "mixins": [
    "reeses-sodium-options.mixins.json"
  ],
  "custom": {
    "modmenu": {
      "parent": {
        "id": "sodium"
      }
    }
  },
  "depends": {
    "minecraft": "1.19.x",
    "sodium": "*"
  },
  "breaks": {
    "iris": "<1.1.4",
    "sodium-extra": "<0.4.1",
    "sodium": "<0.4.10"
  },
  "recommends": {
    "sodium-extra": ">=0.4.2"
  }
}
