{
  "schemaVersion": 1,
  "id": "toomanyplayers",
  "version": "${version}",
  "name": "Too Many Players",
  "description": "I don't like players",
  "authors": [
    "Feytox",
    "DearFox",
    "minemobs"
  ],
  "contact": {
    "homepage": "https://modrinth.com/mod/tmp",
    "sources": "https://github.com/feytox/TooManyPlayers",
    "issues": "https://github.com/feytox/TooManyPlayers/issues"
  },
  "license": "MIT",
  "icon": "assets/toomanyplayers/icon.png",
  "environment": "client",
  "entrypoints": {
    "main": [
      "ru.feytox.toomanyplayers.TooManyPlayers"
    ]
  },
  "mixins": [
    "toomanyplayers.mixins.json"
  ],
  "depends": {
    "fabricloader": "*",
    "fabric": "*",
    "minecraft": "1.19.4",
    "java": ">=17"
  }
}
