{
  "package": "me.jellysquid.mods.sodium.mixin",
  "required": true,
  "compatibilityLevel": "JAVA_17",
  "plugin": "me.jellysquid.mods.sodium.mixin.SodiumMixinPlugin",
  "injectors": {
    "defaultRequire": 1
  },
  "overwrites": {
    "conformVisibility": true
  },
  "client": [
    "core.MixinDirection",
    "core.MixinFrustum",
    "core.MixinMinecraftClient",
    "core.MixinWindow",
    "core.model.MixinBlockColors",
    "core.model.MixinItemColors",
    "core.pipeline.MixinBakedQuad",
    "core.pipeline.vertex.MixinBufferBuilder",
    "core.pipeline.vertex.MixinOutlineVertexConsumer",
    "core.pipeline.vertex.MixinOverlayVertexConsumer",
    "core.pipeline.vertex.MixinSpriteTexturedVertexConsumer",
    "core.pipeline.vertex.MixinVertexConsumers$MixinDual",
    "core.pipeline.vertex.MixinVertexConsumers$MixinUnion",
    "features.block.MixinBlockModelRenderer",
    "features.biome.MixinBiome",
    "features.buffer_builder.fast_advance.MixinBufferBuilder",
    "features.buffer_builder.fast_sort.MixinBufferBuilder",
    "features.buffer_builder.intrinsics.MixinBufferBuilder",
    "features.buffer_builder.intrinsics.MixinEntityRenderDispatcher",
    "features.buffer_builder.intrinsics.MixinWorldRenderer",
    "features.chunk_rendering.MixinChunkBuilder",
    "features.chunk_rendering.MixinClientChunkMap",
    "features.chunk_rendering.MixinClientPlayNetworkHandler",
    "features.chunk_rendering.MixinClientWorld",
    "features.chunk_rendering.MixinPackedIntegerArray",
    "features.chunk_rendering.MixinPalettedContainer",
    "features.chunk_rendering.MixinWorldRenderer",
    "features.clouds.MixinWorldRenderer",
    "features.debug.MixinDebugHud",
    "features.entity.cull.MixinEntityRenderer",
    "features.entity.fast_render.MixinCuboid",
    "features.entity.fast_render.MixinModelPart",
    "features.fast_biome_colors.MixinBackgroundRenderer",
    "features.fast_biome_colors.MixinClientWorld",
    "features.gui.MixinDebugHud",
    "features.gui.fast_loading_screen.MixinLevelLoadingScreen",
    "features.gui.font.MixinGlyphRenderer",
    "features.item.MixinItemRenderer",
    "features.matrix_stack.MixinMatrixStack",
    "features.matrix_stack.MixinVertexConsumer",
    "features.mipmaps.MixinMipmapHelper",
    "features.mipmaps.MixinSpriteContents",
    "features.model.MixinMultipartBakedModel",
    "features.model.MixinWeightedBakedModel",
    "features.options.MixinInGameHud",
    "features.options.MixinOptionsScreen",
    "features.options.MixinWorldRenderer",
    "features.particle.fast_render.MixinBillboardParticle",
    "features.render_layer.leaves.MixinLeavesBlock",
    "features.render_layer.leaves.MixinRenderLayers",
    "features.sky.MixinWorldRenderer",
    "features.texture_tracking.MixinDrawableHelper",
    "features.texture_tracking.MixinSpriteAtlasTexture",
    "features.texture_tracking.MixinSpriteBillboardParticle",
    "features.texture_tracking.MixinSpriteContents",
    "features.texture_tracking.MixinSpriteContentsAnimatorImpl",
    "features.texture_updates.AnimationAccessor",
    "features.texture_updates.AnimationFrameAccessor",
    "features.texture_updates.MixinSpriteInterpolated",
    "features.texture_updates.SpriteInfoAccessor",
    "features.texture_updates.SpriteInfoAnimationAccessor",
    "workarounds.MixinRenderSystem",
    "workarounds.issue1486.MixinMinecraftClient"
  ]
}