{
  "package": "me.jellysquid.mods.lithium.mixin",
  "required": true,
  "compatibilityLevel": "JAVA_16",
  "plugin": "me.jellysquid.mods.lithium.mixin.LithiumMixinPlugin",
  "injectors": {
    "defaultRequire": 1
  },
  "mixins": [
    "ai.nearby_entity_tracking.EntityMixin",
    "ai.nearby_entity_tracking.EntityTrackingSectionMixin",
    "ai.nearby_entity_tracking.ServerEntityManagerAccessor",
    "ai.nearby_entity_tracking.ServerEntityManagerListenerMixin",
    "ai.nearby_entity_tracking.ServerEntityManagerMixin",
    "ai.nearby_entity_tracking.goals.FleeEntityGoalMixin",
    "ai.nearby_entity_tracking.goals.LookAtEntityGoalMixin",
    "ai.pathing.AbstractBlockStateMixin",
    "ai.pathing.BirdPathNodeMakerMixin",
    "ai.pathing.ChunkCacheMixin",
    "ai.pathing.LandPathNodeMakerMixin",
    "ai.poi.PointOfInterestSetMixin",
    "ai.poi.PointOfInterestStorageMixin",
    "ai.poi.PointOfInterestTypesMixin",
    "ai.poi.SerializingRegionBasedStorageMixin",
    "ai.poi.fast_portals.PortalForcerMixin",
    "ai.poi.tasks.HideInHomeTaskMixin",
    "ai.poi.tasks.RaiderEntityAttackHomeGoalMixin",
    "ai.raid.PickupBannerAsLeaderGoalMixin",
    "ai.raid.RaiderEntityMixin",
    "ai.raid.RaidMixin",
    "ai.sensor.secondary_poi.SecondaryPointsOfInterestSensorMixin",
    "ai.task.launch.BrainMixin",
    "ai.task.memory_change_counting.BrainMixin",
    "ai.task.memory_change_counting.MultiTickTaskMixin",
    "ai.task.replace_streams.CompositeTaskMixin",
    "ai.task.replace_streams.WeightedListMixin",
    "alloc.blockstate.StateMixin",
    "alloc.chunk_random.ServerWorldMixin",
    "alloc.chunk_random.WorldMixin",
    "alloc.chunk_ticking.ServerChunkManagerMixin",
    "alloc.composter.ComposterMixin$ComposterBlockComposterInventoryMixin",
    "alloc.composter.ComposterMixin$ComposterBlockDummyInventoryMixin",
    "alloc.composter.ComposterMixin$ComposterBlockFullComposterInventoryMixin",
    "alloc.deep_passengers.EntityMixin",
    "alloc.entity_tracker.EntityTrackerMixin",
    "alloc.enum_values.living_entity.LivingEntityMixin",
    "alloc.enum_values.piston_block.PistonBlockMixin",
    "alloc.enum_values.piston_handler.PistonHandlerMixin",
    "alloc.enum_values.redstone_wire.RedstoneWireBlockMixin",
    "alloc.explosion_behavior.EntityExplosionBehaviorMixin",
    "alloc.nbt.NbtCompoundMixin",
    "alloc.nbt.NbtCompoundMixin$Type",
    "block.flatten_states.FluidStateMixin",
    "block.hopper.AbstractMinecartEntityMixin",
    "block.hopper.ChestBoatEntityMixin",
    "block.hopper.ComposterMixin$ComposterBlockComposterInventoryMixin",
    "block.hopper.ComposterMixin$ComposterBlockDummyInventoryMixin",
    "block.hopper.ComposterMixin$ComposterBlockFullComposterInventoryMixin",
    "block.hopper.DefaultedListAccessor",
    "block.hopper.DoubleInventoryAccessor",
    "block.hopper.EntityAccessor",
    "block.hopper.EntityDataObjectMixin",
    "block.hopper.EntityTrackingSectionAccessor",
    "block.hopper.HopperBlockEntityMixin",
    "block.hopper.HopperBlockMixin",
    "block.hopper.InventoryAccessors$InventoryAccessorAbstractFurnaceBlockEntity",
    "block.hopper.InventoryAccessors$InventoryAccessorBarrelBlockEntity",
    "block.hopper.InventoryAccessors$InventoryAccessorBrewingStandBlockEntity",
    "block.hopper.InventoryAccessors$InventoryAccessorChestBlockEntity",
    "block.hopper.InventoryAccessors$InventoryAccessorDispenserBlockEntity",
    "block.hopper.InventoryAccessors$InventoryAccessorHopperBlockEntity",
    "block.hopper.InventoryAccessors$InventoryAccessorShulkerBoxBlockEntity",
    "block.hopper.InventoryAccessors$InventoryAccessorStorageMinecartEntity",
    "block.hopper.InventoryMixin",
    "block.hopper.ItemStackMixin",
    "block.hopper.ScreenHandlerMixin",
    "block.hopper.TypeFilterableListMixin",
    "block.hopper.WorldMixin",
    "block.hopper.worldedit_compat.WorldChunkMixin",
    "block.moving_block_shapes.PistonBlockEntityMixin",
    "block.moving_block_shapes.VoxelShapeMixin",
    "block.redstone_wire.RedstoneWireBlockMixin",
    "cached_hashcode.BlockNeighborGroupMixin",
    "chunk.entity_class_groups.EntityTrackingSectionAccessor",
    "chunk.entity_class_groups.ServerEntityManagerAccessor",
    "chunk.entity_class_groups.ServerWorldAccessor",
    "chunk.entity_class_groups.TypeFilterableListMixin",
    "chunk.no_locking.PalettedContainerMixin",
    "chunk.no_validation.EmptyPaletteStorageMixin",
    "chunk.no_validation.PackedIntegerArrayMixin",
    "chunk.palette.PalettedContainerMixin",
    "chunk.serialization.PackedIntegerArrayMixin",
    "chunk.serialization.PalettedContainerMixin",
    "collections.attributes.AttributeContainerMixin",
    "collections.block_entity_tickers.WorldChunkMixin",
    "collections.brain.BrainMixin",
    "collections.entity_by_type.TypeFilterableListMixin",
    "collections.entity_filtering.TypeFilterableListMixin",
    "collections.entity_ticking.EntityListMixin",
    "collections.fluid_submersion.EntityMixin",
    "collections.gamerules.GameRulesMixin",
    "collections.goals.GoalSelectorMixin",
    "collections.mob_spawning.PoolMixin",
    "collections.mob_spawning.SpawnSettingsMixin",
    "entity.collisions.fluid.EntityMixin",
    "entity.collisions.intersection.WorldMixin",
    "entity.collisions.movement.EntityMixin",
    "entity.collisions.suffocation.EntityMixin",
    "entity.collisions.unpushable_cramming.AbstractMinecartEntityMixin",
    "entity.collisions.unpushable_cramming.BoatEntityMixin",
    "entity.collisions.unpushable_cramming.EntityMixin",
    "entity.collisions.unpushable_cramming.EntityPredicatesMixin",
    "entity.collisions.unpushable_cramming.EntityTrackingSectionMixin",
    "entity.collisions.unpushable_cramming.LivingEntityMixin",
    "entity.data_tracker.no_locks.DataTrackerMixin",
    "entity.data_tracker.use_arrays.DataTrackerMixin",
    "entity.fast_elytra_check.LivingEntityMixin",
    "entity.fast_hand_swing.LivingEntityMixin",
    "entity.fast_powder_snow_check.LivingEntityMixin",
    "entity.fast_retrieval.SectionedEntityCacheMixin",
    "entity.hopper_minecart.HopperBlockEntityMixin",
    "entity.inactive_navigations.DrownedEntityLeaveWaterGoalMixin",
    "entity.inactive_navigations.DrownedEntityMixin",
    "entity.inactive_navigations.EntityNavigationMixin",
    "entity.inactive_navigations.MobEntityMixin",
    "entity.inactive_navigations.ServerEntityHandlerMixin",
    "entity.inactive_navigations.ServerWorldMixin",
    "entity.replace_entitytype_predicates.AbstractDecorationEntityMixin",
    "entity.replace_entitytype_predicates.AbstractMinecartEntityMixin",
    "entity.replace_entitytype_predicates.ArmorStandEntityMixin",
    "entity.replace_entitytype_predicates.FormCaravanGoalMixin",
    "entity.replace_entitytype_predicates.IronGolemWanderAroundGoalMixin",
    "entity.replace_entitytype_predicates.ItemFrameEntityMixin",
    "entity.skip_equipment_change_check.ArmorStandEntityMixin",
    "entity.skip_equipment_change_check.LivingEntityMixin",
    "entity.skip_equipment_change_check.MobEntityMixin",
    "entity.skip_fire_check.EntityMixin",
    "gen.cached_generator_settings.NoiseChunkGeneratorMixin",
    "gen.chunk_region.ChunkRegionMixin",
    "item.ItemStackMixin",
    "math.fast_blockpos.BlockPosMixin",
    "math.fast_blockpos.DirectionMixin",
    "math.fast_util.AxisCycleDirectionMixin$BackwardMixin",
    "math.fast_util.AxisCycleDirectionMixin$ForwardMixin",
    "math.fast_util.BoxMixin",
    "math.fast_util.DirectionMixin",
    "math.sine_lut.MixinMathHelper",
    "profiler.ServerWorldMixin",
    "shapes.blockstate_cache.BlockMixin",
    "shapes.lazy_shape_context.EntityShapeContextMixin",
    "shapes.optimized_matching.VoxelShapesMixin",
    "shapes.precompute_shape_arrays.FractionalDoubleListMixin",
    "shapes.precompute_shape_arrays.SimpleVoxelShapeMixin",
    "shapes.shape_merging.VoxelShapesMixin",
    "shapes.specialized_shapes.VoxelShapeMixin",
    "shapes.specialized_shapes.VoxelShapesMixin",
    "util.block_entity_retrieval.WorldMixin",
    "util.block_tracking.AbstractBlockStateMixin",
    "util.block_tracking.ChunkSectionMixin",
    "util.chunk_access.ChunkCacheMixin",
    "util.chunk_access.WorldViewMixin",
    "util.entity_movement_tracking.EntityTrackingSectionMixin",
    "util.entity_movement_tracking.SectionedEntityCacheMixin",
    "util.entity_movement_tracking.ServerEntityManagerAccessor",
    "util.entity_movement_tracking.ServerEntityManagerListenerMixin",
    "util.entity_movement_tracking.ServerWorldAccessor",
    "util.entity_section_position.EntityTrackingSectionMixin",
    "util.entity_section_position.SectionedEntityCacheMixin",
    "util.inventory_change_listening.BlockEntityMixin",
    "util.inventory_change_listening.ChestBlockEntityMixin",
    "util.inventory_change_listening.LockableContainerBlockEntityMixin",
    "util.inventory_change_listening.StackListReplacementTracking$InventoryChangeTrackingAbstractFurnaceBlockEntity",
    "util.inventory_change_listening.StackListReplacementTracking$InventoryChangeTrackingBarrelBlockEntity",
    "util.inventory_change_listening.StackListReplacementTracking$InventoryChangeTrackingBrewingStandBlockEntity",
    "util.inventory_change_listening.StackListReplacementTracking$InventoryChangeTrackingChestBlockEntity",
    "util.inventory_change_listening.StackListReplacementTracking$InventoryChangeTrackingDispenserBlockEntity",
    "util.inventory_change_listening.StackListReplacementTracking$InventoryChangeTrackingHopperBlockEntity",
    "util.inventory_change_listening.StackListReplacementTracking$InventoryChangeTrackingShulkerBoxBlockEntity",
    "util.inventory_change_listening.StackListReplacementTracking$StackListReplacementTrackingLockableContainerBlockEntity",
    "util.inventory_comparator_tracking.BlockEntityMixin",
    "util.inventory_comparator_tracking.ComparatorBlockMixin",
    "util.world_border_listener.WorldBorderMixin",
    "world.block_entity_ticking.sleeping.ServerWorldMixin",
    "world.block_entity_ticking.sleeping.WorldChunkMixin",
    "world.block_entity_ticking.sleeping.WorldMixin",
    "world.block_entity_ticking.sleeping.WrappedBlockEntityTickInvokerAccessor",
    "world.block_entity_ticking.sleeping.brewing_stand.BrewingStandBlockEntityMixin",
    "world.block_entity_ticking.sleeping.campfire.CampfireBlockEntityMixin",
    "world.block_entity_ticking.sleeping.furnace.AbstractFurnaceBlockEntityMixin",
    "world.block_entity_ticking.sleeping.hopper.HopperBlockEntityMixin",
    "world.block_entity_ticking.sleeping.shulker_box.ShulkerBoxBlockEntityMixin",
    "world.block_entity_ticking.support_cache.BlockEntityMixin",
    "world.block_entity_ticking.support_cache.DirectBlockEntityTickInvokerMixin",
    "world.block_entity_ticking.support_cache.WorldChunkMixin",
    "world.block_entity_ticking.world_border.DirectBlockEntityTickInvokerMixin",
    "world.chunk_access.ChunkHolderMixin",
    "world.chunk_access.ServerChunkManagerMixin",
    "world.chunk_access.WorldMixin",
    "world.chunk_tickets.SortedArraySetMixin",
    "world.combined_heightmap_update.HeightmapAccessor",
    "world.combined_heightmap_update.WorldChunkMixin",
    "world.explosions.ExplosionMixin",
    "world.inline_block_access.WorldChunkMixin",
    "world.inline_block_access.WorldMixin",
    "world.inline_height.WorldChunkMixin",
    "world.inline_height.WorldMixin",
    "world.player_chunk_tick.ThreadedAnvilChunkStorageMixin",
    "world.temperature_cache.BiomeMixin",
    "world.tick_scheduler.ChunkTickSchedulerMixin"
  ],
  "client": [
    "chunk.entity_class_groups.ClientEntityManagerAccessor",
    "chunk.entity_class_groups.ClientWorldMixin"
  ]
}