{
  "schemaVersion": 1,
  "id": "sodium-extra",
  "version": "${version}",
  "name": "Sodium Extra",
  "description": "Features that shouldn't be in Sodium.",
  "authors": [
    "FlashyReese"
  ],
  "contributors": [
    "AMereBagatelle",
    "DragonEggBedrockBreaking",
    "EatMyVenom",
    "HarvelsX",
    "Kichura",
    "Madis0"
  ],
  "contact": {
    "sources": "https://github.com/FlashyReese/sodium-extra-fabric",
    "issues": "https://github.com/FlashyReese/sodium-extra-fabric/issues"
  },
  "license": "LGPLv3",
  "icon": "assets/sodium-extra/icon.png",
  "environment": "client",
  "entrypoints": {
    "client": [
      "me.flashyreese.mods.sodiumextra.client.SodiumExtraClientMod"
    ]
  },
  "custom": {
    "modmenu": {
      "parent": {
        "id": "sodium"
      }
    }
  },
  "accessWidener": "sodium-extra.accesswidener",
  "mixins": [
    "sodium-extra.mixins.json"
  ],
  "depends": {
    "fabricloader": ">=0.14",
    "fabric-api": "*",
    "sodium": ">=0.4.11"
  },
  "breaks": {
    "reeses-sodium-options": "<1.4.2"
  },
  "recommends": {
    "reeses-sodium-options": ">=1.4.2"
  }
}
