{
  "required": true,
  "minVersion": "0.8",
  "plugin": "me.flashyreese.mods.sodiumextra.mixin.SodiumExtraMixinConfigPlugin",
  "package": "me.flashyreese.mods.sodiumextra.mixin",
  "compatibilityLevel": "JAVA_17",
  "client": [
    "adaptive_sync.MixinWindow",
    "animation.MixinSpriteAtlasTexture",
    "biome_colors.MixinBiomeColors",
    "cloud.MixinDimensionEffectsOverworld",
    "compat.MixinSodiumOptionsGUI",
    "compat.MixinTitleScreen",
    "fog.MixinBackgroundRenderer",
    "fog_falloff.MixinBackgroundRenderer",
    "gui.MinecraftClientAccessor",
    "instant_sneak.MixinCamera",
    "light_updates.MixinLightingProvider",
    "particle.MixinParticleManager",
    "particle.MixinWorldRenderer",
    "particle.MixinFireworkParticle",
    "prevent_shaders.MixinGameRenderer",
    "reduce_resolution_on_mac.MixinWindow",
    "render.block.entity.MixinBeaconBlockEntityRenderer",
    "render.block.entity.MixinEnchantingTableBlockEntityRenderer",
    "render.block.entity.MixinPistonBlockEntityRenderer",
    "render.entity.MixinItemFrameEntityRenderer",
    "render.entity.MixinLivingEntityRenderer",
    "render.entity.MixinPaintingEntityRenderer",
    "sky.MixinWorldRenderer",
    "sky_colors.MixinBiome",
    "sodium.accessibility.MixinSodiumGameOptionPages",
    "sodium.biome_blend.MixinBiomeColorBlender",
    "sodium.resolution.MixinSodiumGameOptionPages",
    "sodium.scrollable_page.MixinSodiumOptionsGUI",
    "sodium.vsync.MixinSodiumGameOptionsPages",
    "stars.MixinWorldRenderer",
    "sun_moon.MixinWorldRenderer",
    "toasts.MixinToastManager",
    "toasts.MixinAdvancementToast",
    "toasts.MixinRecipeToast",
    "toasts.MixinSystemToast",
    "toasts.MixinTutorialToast"
  ],
  "injectors": {
    "defaultRequire": 1
  }
}
